<?xml version="1.0" encoding="UTF-8"?>
<configuration debug="false">
    <!--定义日志文件的存储地址 勿在 LogBack 的配置中使用相对路径 -->
    <!--<property name="LOG_HOME" value="/home" />-->
    <!-- 控制台输出 -->
    <appender name="STDOUT" class="ch.qos.logback.core.ConsoleAppender">
        <encoder class="ch.qos.logback.classic.encoder.PatternLayoutEncoder">
            <pattern>%d{yyyy-MM-dd HH:mm:ss} [%thread] %-5level %logger{50} - %msg%n</pattern>
        </encoder>
    </appender>
    <root level="INFO">
        <!--<appender-ref ref="STDOUT" />-->
        <appender-ref ref="STDOUT" />
    </root>

</configuration>